Estado,Year,Edad mediana,Población de 0 a 4 años,Población de 10 a 14 años,Población de 100 años y más,Población de 15 a 19 años,Población de 20 a 24 años,Población de 25 a 29 años,Población de 30 a 34 años,Población de 35 a 39 años,Población de 40 a 44 años,Población de 45 a 49 años,Población de 5 a 9 años,Población de 50 a 54 años,Población de 55 a 59 años,Población de 60 a 64 años,Población de 65 a 69 años,Población de 70 a 74 años,Población de 75 a 79 años,Población de 80 a 84 años,Población de 85 a 89 años,Población de 90 a 94 años,Población de 95 a 99 años,Población total,Porcentaje de 0-19 años,Porcentaje de 20-39 años,Porcentaje de 40-59 años,Porcentaje de 60-79 años,Porcentaje de 80 y más años
Aguascalientes,1995,19,112429,104083,59,97061,88901,71839,62217,52549,40131,31678,107680,24525,17646,15900,11870,9452,5771,3892,2428,975,380,862720,48.83,31.93,13.21,4.98,0.9
Aguascalientes,2000,21,116137,108532,102,99577,87508,79200,70317,60839,49365,37541,117375,30202,22094,17759,13752,10714,7754,4336,2726,1169,542,944285,46.77,31.54,14.74,5.29,0.94
Aguascalientes,2005,23,118536,120280,98,107007,93139,83073,82651,73006,61553,49233,120130,39222,29196,23168,16290,12912,9203,6155,3140,1302,503,1065416,43.73,31.15,16.82,5.78,1.05
Aguascalientes,2010,24,121557,123806,109,121428,106305,93604,88726,86254,73084,60198,128874,49980,37543,29258,21004,15254,10673,7228,4061,1467,551,1184996,41.83,31.64,18.63,6.43,1.13
Aguascalientes,2020,27,124430,129717,112,131967,127020,118426,106825,99257,92378,84669,131048,74121,58865,48306,35823,25586,16581,10186,5576,2410,796,1425607,36.28,31.67,21.75,8.86,1.34
Baja California,1995,22,257856,208902,141,215142,240052,208348,175151,143144,105499,80606,238928,64059,47838,40558,29724,21048,12270,7248,3702,1336,572,2112140,43.6,36.3,14.11,4.9,0.62
Baja California,2000,23,268682,226758,266,220707,231966,230907,197807,165348,126564,92839,260331,73548,53639,44174,32561,23192,15403,8005,4322,1675,857,2487367,39.26,33.21,13.93,4.64,0.61
Baja California,2005,25,267954,267938,172,255309,246968,241951,240879,208125,164598,128512,277635,99356,71624,56711,40660,28923,18815,11375,5453,1987,792,2844469,37.58,32.97,16.32,5.1,0.7
Baja California,2010,26,293234,305472,206,299195,286479,265428,264023,264063,215049,171104,303180,136690,97874,75229,52560,37742,24055,14744,7764,2641,913,3155070,38.07,34.23,19.67,6.01,0.83
Baja California,2020,30,266301,312348,252,315639,340359,328244,302389,292069,273611,260844,299654,221388,168653,134022,94704,65425,40874,25204,12451,4858,1512,3769020,31.68,33.51,24.53,8.89,1.17
Baja California Sur,1995,22,42732,41165,35,40586,39231,34454,30976,26784,19764,14905,42977,11611,8618,6868,5061,3560,2353,1430,795,321,149,375494,44.6,35.01,14.62,4.75,0.73
Baja California Sur,2000,23,45613,43302,53,42376,42278,40264,35609,31282,25053,18593,45929,14109,10631,8248,6145,4176,2894,1725,966,361,221,424041,41.79,35.24,16.13,5.06,0.78
Baja California Sur,2005,25,49069,48106,45,46700,46222,45939,43628,38197,31526,25121,49164,19430,13781,10783,7544,5254,3488,2154,1168,440,177,512170,37.69,33.97,17.54,5.29,0.78
Baja California Sur,2010,26,60758,57380,58,57713,58690,57525,56159,52235,42163,34308,60334,28122,20188,14895,10279,7012,4598,2805,1589,655,223,637026,37.08,35.26,19.59,5.77,0.84
Baja California Sur,2020,29,62455,67665,55,65469,66743,68798,67779,64927,59389,51771,66933,43337,33731,27095,19274,12545,8166,4649,2556,936,332,798447,32.88,33.6,23.57,8.4,1.07
Campeche,1995,20,80026,77875,125,71464,64693,52129,45219,40558,30851,24521,80680,18502,14680,12842,9347,7362,4504,2674,1449,682,304,642516,48.25,31.53,13.78,5.3,0.81
Campeche,2000,22,78424,80246,149,73769,66395,57599,50021,45603,36088,28962,83090,22362,16699,14546,10683,8374,5787,3421,1777,714,414,690689,45.68,31.8,15.07,5.7,0.94
Campeche,2005,24,73461,83597,140,77485,70006,62455,59665,52899,43896,36152,79199,29746,21475,17979,12827,9830,7153,4407,2579,890,405,754730,41.57,32.47,17.39,6.33,1.12
Campeche,2010,25,76925,81314,142,82920,76388,68197,64927,61896,50522,42811,78299,35658,28316,21379,15079,12890,8320,5254,3209,1127,479,822441,38.84,33.0,19.13,7.01,1.24
Campeche,2020,29,78935,80168,149,76140,75556,72798,72709,70275,64170,57628,82015,50254,40805,32778,25796,17559,11916,7536,4413,1768,701,928363,34.17,31.38,22.93,9.48,1.57
Chiapas,1995,18,501668,473016,1074,417806,339774,273873,222885,207954,151151,124169,509161,96273,71025,61519,40548,31734,18589,13071,6412,3612,1848,3584786,53.05,29.14,12.35,4.25,0.73
Chiapas,2000,19,483372,488791,1241,433517,361994,292960,242588,226620,174699,141959,518550,110635,83843,72099,49327,37597,23858,14768,7712,3896,2309,3920892,49.08,28.67,13.04,4.66,0.76
Chiapas,2005,20,490058,537725,1267,471331,383455,324289,283522,257320,210437,176142,512440,139301,103667,98728,63469,46845,31858,19141,10593,4097,2352,4293459,46.85,29.08,14.66,5.61,0.87
Chiapas,2010,22,540459,549896,1467,530233,438019,366537,335370,307983,246620,212924,554692,174407,137559,110499,78922,68500,39750,24678,13513,5569,2583,4796580,45.35,30.19,16.08,6.21,1.0
Chiapas,2020,24,574152,583132,1449,526577,464523,424403,396045,372863,329204,284333,612792,243848,196355,158726,125777,85855,63158,38245,21839,8853,3855,5543828,41.43,29.9,19.01,7.82,1.34
Chihuahua,1995,22,330996,293173,218,291853,299966,254432,216249,181098,134678,110031,320170,93325,74656,63150,45828,32628,19503,12527,7069,2387,988,2793537,44.25,34.07,14.77,5.77,0.83
Chihuahua,2000,23,334521,306679,329,290939,280013,272404,242428,207365,162697,121932,341921,103012,81615,71437,51719,37728,24488,12813,7526,2770,1242,3052907,41.73,32.83,15.37,6.07,0.81
Chihuahua,2005,25,320384,322642,224,300186,267506,250016,257676,233533,193322,153968,324350,119550,92987,80050,62659,45078,29983,17235,8045,2931,1078,3241444,39.1,31.12,17.27,6.72,0.91
Chihuahua,2010,26,322676,324661,286,322034,285872,255036,251304,259968,222756,183153,335064,149069,108607,89542,68809,54419,34386,20704,10184,3294,1101,3406465,38.29,30.89,19.48,7.26,1.04
Chihuahua,2020,29,291286,333715,243,326333,314067,298299,275644,263669,251983,248522,317322,219930,173639,140861,100944,74018,50265,31387,15250,5376,1477,3741869,33.9,30.78,23.89,9.78,1.44
Ciudad de México,1995,25,780705,781808,685,848416,964075,826960,725263,643428,499935,402093,785466,325253,235829,212782,158713,119920,71291,46687,26414,10508,4126,8489007,37.65,37.22,17.24,6.63,1.04
Ciudad de México,2000,27,737934,742986,1163,798349,832517,840487,731452,655973,556565,441804,764094,373595,269845,227283,175174,134345,92943,51638,30845,12237,5012,8605239,35.37,35.56,19.08,7.32,1.17
Ciudad de México,2005,29,664092,704950,952,740280,765641,735441,755600,678990,596540,515878,671579,441077,329553,263228,192699,164150,110512,72725,35912,14084,5176,8720916,31.89,33.66,21.59,8.38,1.48
Ciudad de México,2010,31,618245,660345,1089,723372,753404,726696,702642,722214,629563,555481,658948,506310,392186,315793,227625,179329,124499,85121,47170,17225,5797,8851080,30.06,32.82,23.54,9.57,1.77
Ciudad de México,2020,35,479904,608962,1308,650389,714605,752289,743611,705850,670307,668945,563907,623483,526447,469514,356196,267744,175215,117480,66316,28780,9066,9209944,25.01,31.67,27.03,13.77,2.42
Coahuila,1995,22,253150,236394,169,240739,231564,187979,164412,143230,109439,90101,241326,72230,56802,47416,35309,25443,15572,9618,5983,2044,873,2173775,44.7,33.45,15.12,5.69,0.86
Coahuila,2000,23,253171,234659,253,225416,223857,204662,179690,157386,128951,98997,257228,82932,63057,53853,39173,28943,19396,10102,6051,2420,1027,2298070,42.23,33.31,16.27,6.15,0.86
Coahuila,2005,25,249590,257591,225,231405,214562,206859,205193,180228,152496,126257,257277,100907,77889,64043,47679,34186,23529,13768,6882,2396,1056,2495200,39.91,32.34,18.34,6.79,0.97
Coahuila,2010,26,258246,268193,263,261942,230132,210236,216325,211770,177554,150271,270736,125961,95121,77527,55667,42832,27610,17076,9002,2959,1008,2748391,38.54,31.6,19.97,7.41,1.1
Coahuila,2020,29,279912,268144,214,269284,264313,245917,224329,219634,218687,205202,276224,178214,142215,118950,84422,61684,39801,24851,12495,4712,1408,3146771,34.75,30.32,23.65,9.69,1.39
Colima,1995,21,54512,57444,74,55665,50183,39747,35694,32099,24674,19427,57304,15550,11815,9813,7519,6251,4261,2778,1551,659,335,488028,46.09,32.32,14.64,5.71,1.11
Colima,2000,23,53295,57422,128,54826,48878,43310,38024,35524,29529,22683,57165,18269,14053,11339,8777,6599,5086,3129,1879,760,397,542627,41.04,30.54,15.58,5.86,1.16
Colima,2005,25,51929,56990,121,56534,50049,44660,44016,39605,34968,28969,53742,23348,17614,14442,10530,7947,5679,3908,2327,946,416,567996,38.59,31.4,18.47,6.8,1.36
Colima,2010,26,58263,59473,123,62323,60070,53136,50521,48863,41432,35812,59869,30917,23301,18355,13806,10239,6976,4565,2906,1259,499,650555,36.88,32.68,20.21,7.59,1.44
Colima,2020,30,52313,60801,148,60663,59343,58035,57436,54566,51179,47133,60049,41541,34819,29795,22071,16086,10803,6859,3623,1571,601,731391,31.97,31.36,23.88,10.77,1.75
Durango,1995,20,175246,175910,189,165403,140244,109163,95654,83865,64382,54268,180229,45710,37306,33863,24605,17811,10563,7168,4640,1612,692,1431748,48.67,29.96,14.09,6.07,1.0
Durango,2000,21,168897,172365,255,150569,129322,113003,100022,90218,73203,57469,177062,48972,39206,36689,27761,20362,13433,6877,4431,1906,886,1448661,46.17,29.86,15.11,6.78,0.99
Durango,2005,23,158588,171314,243,156434,124920,111556,110058,99365,85571,70558,165488,57570,45386,40026,31835,24425,16824,9837,4700,1784,798,1509117,43.19,29.55,17.17,7.5,1.15
Durango,2010,24,161700,167180,235,166366,143377,117714,115294,112837,96859,82516,166853,70274,53875,44693,34601,29733,19595,12039,6079,1953,753,1632934,40.55,29.96,18.59,7.88,1.29
Durango,2020,27,167600,170271,157,162990,153588,141107,129526,118830,114976,108070,176033,97009,79997,66536,49727,36956,25689,17026,9042,3333,1012,1832650,36.94,29.63,21.83,9.76,1.67
Guanajuato,1995,20,561702,557242,551,513332,443945,345170,292316,255552,196209,157073,561618,127784,96922,90404,67006,53790,31365,23999,14196,6241,2681,4406568,49.79,30.34,13.12,5.5,1.08
Guanajuato,2000,21,564593,560147,878,501053,435713,371568,322249,280637,229441,177786,582207,146282,111802,98676,76586,62089,42290,23925,15706,7235,3680,4663032,47.35,30.24,14.27,6.0,1.1
Guanajuato,2005,23,527480,569357,754,504643,425409,377109,361384,321689,269592,219520,551459,180011,135455,117552,87450,71388,51797,34405,17077,7351,3392,4893812,43.99,30.36,16.44,6.71,1.29
Guanajuato,2010,24,547466,580600,766,570965,493167,425291,407712,387687,324654,266465,579121,225760,174400,140229,105229,86650,60341,42362,24163,8603,3588,5486372,41.52,31.24,18.07,7.15,1.45
Guanajuato,2020,28,538846,549301,683,552092,540587,501868,462332,439045,407230,365660,547545,318197,250808,214406,161765,118285,81110,54366,31747,14003,5009,6166934,35.48,31.52,21.76,9.33,1.72
Guerrero,1995,18,388050,387415,894,336443,265340,205582,177944,165407,126571,106096,399798,86328,67228,63816,42877,35686,20694,14734,7581,3822,2028,2916567,51.83,27.92,13.24,5.59,1.0
Guerrero,2000,19,391873,394613,1224,333331,265129,215653,186082,176165,142041,117329,411408,96611,76908,72841,54139,42207,26950,17112,9120,4558,2711,3079649,49.72,27.37,14.06,6.37,1.13
Guerrero,2005,21,345731,396125,1126,332940,252404,212665,198099,181518,158810,135306,377826,112818,89468,80235,66040,50403,34974,21597,11675,4612,2520,3115202,46.63,27.11,15.93,7.44,1.33
Guerrero,2010,23,353009,393378,1186,372191,290684,237815,223482,211923,178482,158413,378197,137260,110858,89041,72733,66668,43749,26491,14892,5898,2810,3388768,44.17,28.44,17.26,8.03,1.51
Guerrero,2020,27,335458,348493,1179,326540,281967,256191,237976,222157,209120,190778,351010,174072,148972,126765,104196,77444,58071,39210,23532,9187,3950,3540685,38.45,28.19,20.42,10.35,2.18
Hidalgo,1995,20,252617,269753,514,239592,201620,162352,141617,132294,98208,83345,265590,65824,51647,44554,33606,26160,17386,10546,6056,2712,1473,2112473,48.64,30.2,14.16,5.76,1.01
Hidalgo,2000,22,243558,271378,660,235368,195771,172960,155351,143447,117852,95309,277830,77766,60808,51719,40119,30440,21911,12770,7406,3268,1835,2235591,45.99,29.86,15.73,6.45,1.16
Hidalgo,2005,24,237423,270650,621,237675,196494,175226,173306,159174,135441,116547,243185,93857,73161,65005,46738,35516,25653,16502,9117,3470,1703,2345514,42.16,30.02,17.86,7.37,1.34
Hidalgo,2010,25,255202,263026,654,269602,226170,201034,197047,191131,162857,140325,271181,120304,95265,74476,57669,48068,31279,19997,12043,4577,1952,2665018,39.74,30.6,19.47,7.94,1.47
Hidalgo,2020,30,238189,283676,642,272506,238187,231124,224226,221410,211048,194567,269553,171679,139795,118929,93011,66179,47263,29997,17421,7213,3020,3082841,34.51,29.68,23.26,10.55,1.89
Jalisco,1995,21,701617,715201,820,676896,615402,482529,413098,365641,291118,237708,717968,192416,143341,125183,95384,79247,53066,36385,19954,8299,3510,5991176,46.93,31.32,14.43,5.89,1.15
Jalisco,2000,22,703272,708813,1097,673570,589706,529194,453186,397738,334653,264177,720270,224975,169779,140629,108075,84182,63716,39463,24151,9701,4405,6322002,44.38,31.16,15.72,6.27,1.25
Jalisco,2005,24,674285,697206,1027,669724,601671,523866,509541,448698,379829,318734,688681,267921,208005,172579,126101,96044,69383,48147,27217,11502,4526,6752113,40.43,30.86,17.39,6.87,1.37
Jalisco,2010,25,694948,714393,1084,715003,669088,592033,548117,535234,446601,371541,727075,324277,254380,210465,155337,118204,80747,53964,32720,13596,5206,7350682,38.79,31.89,19.0,7.68,1.45
Jalisco,2020,29,670983,714906,1108,716259,704359,668334,639006,602903,549859,511537,718100,444689,357080,313011,240553,181420,120885,76495,41507,17725,6381,8348151,33.78,31.32,22.32,10.25,1.72
Michoacán,1995,20,467147,501490,931,457894,370671,281231,244357,221033,173986,141762,499020,118272,91798,88981,65207,54355,32765,23993,13194,5932,2925,3870604,49.75,28.87,13.58,6.23,1.21
Michoacán,2000,21,453339,498316,1216,436043,357857,294099,255792,233456,196428,154267,492453,132493,102326,94498,75177,61639,42177,25242,15131,6983,3764,3985667,47.17,28.63,14.69,6.86,1.31
Michoacán,2005,23,400054,462479,1046,423624,332440,284690,273154,247470,216455,182586,426654,153673,120402,104898,84325,69195,50678,33279,17681,7330,3683,3966073,43.19,28.69,16.97,7.79,1.59
Michoacán,2010,25,425698,443721,1046,453827,392338,322064,303108,290448,247704,212627,434860,188305,147873,122951,96347,83990,58813,40032,23160,8949,3839,4351037,40.41,30.06,18.31,8.32,1.77
Michoacán,2020,28,429837,426869,945,407743,390431,367568,345272,318438,299299,270544,441618,243599,202399,178844,140009,106332,74938,51154,30976,13255,5246,4748846,35.93,29.94,21.39,10.53,2.14
Morelos,1995,21,167226,166885,251,161301,147558,117551,103465,95595,72003,58154,166248,46219,36749,33014,25504,18175,10844,6555,4469,1918,1076,1442662,45.86,32.17,14.77,6.07,0.99
Morelos,2000,23,160901,166002,409,156544,137988,123189,109174,100957,84779,66776,173589,53966,41813,36295,30268,22033,15196,7620,4953,2081,1260,1555296,42.25,30.3,15.9,6.67,1.05
Morelos,2005,25,150281,168541,390,155301,134191,119236,118659,108333,94307,81012,157253,67341,51112,43128,33653,26836,19198,11620,5851,2162,1104,1612899,39.15,29.79,18.21,7.61,1.31
Morelos,2010,26,155669,167487,327,175625,155671,133544,128812,129072,111381,97105,166908,86282,66904,53604,40104,32988,23535,14917,8567,2702,1134,1777227,37.46,30.78,20.35,8.45,1.56
Morelos,2020,30,145439,164177,340,166654,162146,154595,143404,135994,130539,124378,158935,114284,96124,84475,65650,47846,33189,21954,13278,5327,1844,1971520,32.22,30.24,23.6,11.72,2.17
México,1995,21,1364484,1344420,1000,1305765,1295228,1058142,913299,793800,586683,457065,1382651,349220,251155,204472,145024,101342,59674,34930,21492,8673,4715,11707964,46.1,34.68,14.04,4.36,0.6
México,2000,23,1366320,1363554,1792,1307977,1250900,1154041,1008308,883172,706988,535083,1447047,422987,303755,242540,178159,123108,84377,41618,25874,10206,6030,13096686,41.88,32.81,15.03,4.8,0.65
México,2005,24,1373064,1410691,1334,1334112,1250151,1152407,1147320,1016457,839324,682173,1362065,539308,388919,305945,215924,156324,102977,61530,31282,11029,5264,14007495,39.12,32.6,17.49,5.58,0.79
México,2010,26,1426612,1429028,1378,1467148,1364380,1233854,1198515,1193988,1003492,831164,1498274,695328,509884,392349,270138,200542,129423,78893,44498,14612,5814,15175862,38.36,32.89,20.03,6.54,0.96
México,2020,30,1276386,1464549,1458,1476665,1415159,1367527,1283264,1254296,1197089,1145882,1381132,1007077,795711,661100,475398,330905,212562,130480,71307,26950,9294,16992418,32.95,31.31,24.4,9.89,1.41
Nayarit,1995,20,103803,110790,156,102913,86384,66502,58527,53925,43229,35862,110505,29721,24833,20521,16025,12263,8483,5638,3085,1252,633,896702,47.73,29.59,14.9,6.39,1.2
Nayarit,2000,22,100288,107654,238,97866,81566,72014,62272,57414,49594,40204,107577,33520,27584,23746,18487,13556,9933,6070,3838,1450,680,920185,44.92,29.7,16.4,7.14,1.33
Nayarit,2005,24,92384,103122,222,97519,79031,69847,69251,62553,54176,47294,96834,39727,31623,27893,21551,15830,11271,7228,4184,1694,788,949684,41.05,29.56,18.2,8.06,1.49
Nayarit,2010,26,106044,104308,247,107191,96693,82067,79520,78128,64675,55916,104943,48769,39899,32069,25368,21066,13928,8690,5111,2113,799,1084979,38.94,31.01,19.29,8.52,1.56
Nayarit,2020,29,103601,113335,236,104256,97500,92542,90577,85180,81357,75138,113942,64958,54507,47698,37876,27774,19910,13039,7093,2773,996,1235456,35.22,29.61,22.34,10.79,1.95
Nuevo León,1995,22,372590,360951,267,390485,412575,336502,283907,243192,183087,151856,360813,122905,96263,77359,57318,41030,25120,16178,9406,3497,1256,3550114,41.83,35.95,15.61,5.66,0.86
Nuevo León,2000,24,396563,355194,380,373807,391235,369135,322572,272200,224330,168680,385771,144499,109729,92626,65875,48611,33324,17528,10634,4154,1741,3834141,39.42,35.34,16.88,6.27,0.9
Nuevo León,2005,26,396832,381498,376,372986,381072,364392,368549,322812,265277,218683,403641,172436,134046,108646,83083,59373,40397,24628,11929,4738,1817,4199292,37.03,34.22,18.82,6.94,1.04
Nuevo León,2010,27,413360,415368,460,406428,401723,384086,383736,383357,321008,260606,430525,220801,162140,132607,96803,75631,48049,30455,16005,5394,1874,4653458,35.79,33.37,20.73,7.59,1.16
Nuevo León,2020,30,454909,462720,420,471896,503826,488349,448470,426619,409490,387678,463819,334439,260045,217238,154408,115822,77327,50350,25023,10365,3097,5784442,32.04,32.28,24.06,9.76,1.54
Oaxaca,1995,19,402105,434282,731,358526,281574,223026,198336,183926,143539,123361,436486,103778,83816,78424,55762,43471,28012,18426,9835,4457,2299,3228895,50.52,27.47,14.08,6.37,1.11
Oaxaca,2000,20,395993,443874,1013,364876,288035,239657,213839,199131,167187,139877,458507,116999,96806,89096,68801,52015,36889,22243,12144,5243,2871,3438765,48.37,27.35,15.15,7.18,1.27
Oaxaca,2005,22,357272,443980,992,366868,281999,243386,230648,210256,185440,161350,394779,136431,107316,102856,77317,61759,44826,29144,15726,5751,2870,3506821,44.57,27.55,16.84,8.18,1.55
Oaxaca,2010,24,373371,414392,1047,406873,313523,268969,259112,244019,208666,187021,399632,163536,134078,110092,90363,80884,55599,35768,21170,7840,3406,3801962,41.93,28.55,18.24,8.86,1.82
Oaxaca,2020,28,359853,398362,1116,358708,310307,307124,289279,276496,259478,233971,388759,210438,179408,155780,127194,93692,73118,50714,31435,12630,4898,4132148,36.44,28.63,21.38,10.88,2.44
Puebla,1995,20,574929,591644,1010,526378,447281,351785,299213,275167,207950,175518,594003,139750,113605,100868,76919,57670,38212,22993,14447,6218,3474,4624365,49.45,29.7,13.77,5.92,1.04
Puebla,2000,21,578641,600452,1288,532196,460965,384326,332646,297693,243578,197500,623917,162662,127639,111996,89492,67351,48685,27369,16421,7044,4142,5076686,46.0,29.07,14.41,6.25,1.11
Puebla,2005,23,579804,624075,1187,548971,474429,411939,384349,340799,283374,242420,586108,197862,154041,133552,100862,78396,58514,36177,20730,7209,3919,5383133,43.45,29.94,16.3,6.9,1.29
Puebla,2010,24,574513,604845,1057,604094,511685,441558,420492,394961,328556,279425,620386,240020,188919,150565,115990,96685,67019,43367,26380,9528,3845,5779829,41.59,30.6,17.94,7.44,1.46
Puebla,2020,28,578779,603375,1065,607200,570646,528289,475854,457864,425089,382865,598550,334597,269080,229364,177876,128374,91494,60354,36491,14770,5631,6583278,36.27,30.88,21.44,9.53,1.8
Querétaro,1995,20,159062,155971,140,145338,130819,103287,89066,77155,56445,43552,159715,33922,25227,21951,15847,12377,7532,5166,3162,1288,639,1250476,49.59,32.01,12.73,4.61,0.83
Querétaro,2000,21,163581,164074,231,152906,136899,119099,103722,90271,72087,53778,174551,41725,31402,25807,19724,15069,10678,5795,3719,1683,868,1404306,46.65,32.04,14.17,5.08,0.88
Querétaro,2005,23,162841,178589,184,162541,146713,130500,126438,109689,91576,73238,168900,57129,40621,33692,24520,18292,13166,8367,4475,1700,840,1598139,42.1,32.12,16.43,5.61,0.97
Querétaro,2010,25,178916,182608,207,187241,168520,153300,145169,138438,114275,93449,183541,76870,56288,42991,31562,24701,16494,10760,6400,2344,922,1827937,40.06,33.12,18.65,6.33,1.13
Querétaro,2020,29,187893,198601,242,198141,209039,214139,194576,182743,165728,149832,196969,125857,97903,80729,57833,40979,27417,17321,9975,4195,1531,2368467,33.0,33.8,22.77,8.74,1.4
Quintana Roo,1995,20,96834,77546,63,75509,81267,72421,58722,45621,31617,23400,87369,16174,11398,8972,5655,4227,2473,1392,710,303,142,703536,47.94,36.68,11.74,3.03,0.37
Quintana Roo,2000,22,105575,90648,109,88870,94752,90750,77734,61416,43641,31473,105081,23169,15498,11995,7861,5226,3641,1984,1006,361,227,874963,44.59,37.1,13.0,3.28,0.42
Quintana Roo,2005,23,107380,106745,70,102042,103377,97203,93113,78570,59687,43595,106802,32692,23000,16414,10845,7226,4657,2770,1499,477,205,1135309,37.26,32.79,14.0,3.45,0.44
Quintana Roo,2010,25,133228,121308,76,128650,135549,130616,120654,111169,86941,64630,126996,48629,34052,24478,15430,10761,6453,3639,2070,761,297,1325578,38.49,37.57,17.67,4.31,0.52
Quintana Roo,2020,28,147731,154281,102,147549,164989,184447,175133,161472,136731,117045,155388,94160,66985,49321,34204,21678,12688,7421,3775,1332,531,1857985,32.56,36.92,22.33,6.35,0.71
San Luis Potosí,1995,20,279967,277578,403,246271,206873,164964,143446,127109,98704,83724,278902,69022,57161,51004,38714,29252,16847,12110,7959,3550,1557,2200763,49.2,29.19,14.02,6.17,1.16
San Luis Potosí,2000,21,268764,277667,580,241303,198991,173542,155396,139428,115022,91334,290504,78078,62406,57657,44101,34381,24001,12141,8117,3908,1982,2299360,46.89,29.02,15.08,6.96,1.16
San Luis Potosí,2005,23,253580,285397,515,247158,198562,173849,171383,155867,134538,113281,266312,92388,73276,65308,51272,40409,29792,19149,9094,3817,1978,2410414,43.66,29.03,17.15,7.75,1.43
San Luis Potosí,2010,25,247057,270154,548,269673,219720,189105,180250,175642,152372,131221,268914,112519,87476,72960,56671,50213,34695,23325,13437,4303,1824,2585518,40.84,29.58,18.7,8.3,1.68
San Luis Potosí,2020,29,230931,252780,460,253797,232129,220964,204288,191969,180174,169453,242727,153736,125766,107635,82236,63157,45985,32252,18927,8052,2895,2822255,34.73,30.09,22.29,10.59,2.22
Sinaloa,1995,21,281823,282968,335,283114,254765,195551,169208,153271,120409,97272,283285,79839,62917,50727,37861,28195,18345,11668,6781,2358,1151,2425675,46.63,31.86,14.86,5.57,0.92
Sinaloa,2000,22,280226,282780,459,267418,240944,211879,182741,165228,140257,108884,293365,91022,72198,60539,43760,32080,22153,13422,7860,2930,1379,2536844,44.3,31.57,16.25,6.25,1.03
Sinaloa,2005,25,244907,275179,411,256624,220179,196928,197089,177043,154173,130129,262539,107972,84875,71711,53783,38183,26535,16422,9116,3405,1432,2608442,39.84,30.33,18.29,7.29,1.18
Sinaloa,2010,26,252443,270555,418,275540,242907,207840,207002,207622,176453,149915,264538,131472,103936,83594,64032,51023,31659,19463,10809,4102,1625,2767761,38.41,31.27,20.3,8.32,1.32
Sinaloa,2020,30,236236,260172,403,261581,256990,232316,215491,205540,204309,192589,250496,172094,143385,123628,95056,70677,49051,30957,15827,5997,1923,3026943,33.32,30.07,23.53,11.18,1.82
Sonora,1995,22,239515,225173,183,225130,219665,180457,159506,143298,108710,85758,233167,69920,55615,45734,34319,24339,15612,8887,4846,1536,701,2085536,44.26,33.7,15.34,5.75,0.77
Sonora,2000,23,244619,228055,291,218530,210638,195388,172782,154516,131251,99234,246494,80037,61747,52615,38990,28081,19133,10430,5569,1964,872,2216969,42.3,33.08,16.79,6.26,0.86
Sonora,2005,25,234936,240901,214,221592,201924,190619,191733,171077,147464,125538,243250,99848,74804,61504,48362,33784,23631,13538,6965,2323,902,2394861,39.28,31.54,18.69,6.98,1.0
Sonora,2010,26,250969,256883,224,251510,228147,207251,205910,202731,172253,147842,259950,128595,97274,74443,56240,43912,28060,17019,8961,3075,940,2662480,38.28,31.7,20.51,7.61,1.13
Sonora,2020,30,218345,258791,197,255716,247003,227896,215004,207000,203895,192181,246711,170705,140464,121603,87708,61882,41519,26144,13203,4727,1421,2944840,33.26,30.46,24.02,10.62,1.55
Tabasco,1995,19,216423,225955,523,207996,180648,143820,123023,110421,79309,61601,224135,46169,36478,30607,21043,15449,9585,6064,3781,1715,982,1748769,50.01,31.9,12.78,4.39,0.75
Tabasco,2000,21,213787,228638,573,212731,187604,159811,137071,127391,97004,76068,228831,56490,42339,36344,26854,18952,12879,7156,4324,2081,1225,1891829,46.73,32.34,14.37,5.02,0.81
Tabasco,2005,23,204327,222167,512,210055,188484,166827,152970,139172,116283,94231,208905,74419,53257,43088,32200,24663,16749,9314,5288,2051,1228,1989969,42.49,32.54,16.99,5.86,0.92
Tabasco,2010,25,223692,220776,536,224257,206842,185871,174392,164922,136000,116426,225061,95109,72350,51726,38728,32532,21048,12257,7134,2669,1297,2238603,39.93,32.7,18.76,6.43,1.07
Tabasco,2020,29,206877,222698,461,208660,188555,180324,181427,179476,167602,147298,224058,130575,106647,84886,64809,41845,29521,18674,11315,4337,1677,2402598,35.89,30.37,22.98,9.2,1.52
Tamaulipas,1995,23,282902,263237,296,275684,274901,229796,195075,168254,126389,103927,270441,86224,70066,59763,43449,31519,17911,11705,7576,2914,1220,2527328,43.22,34.35,15.3,6.04,0.94
Tamaulipas,2000,24,296314,270114,429,271411,272292,252514,222680,190906,154690,116567,294747,98820,76894,67945,50474,36696,24953,12307,7883,3307,1680,2753222,41.14,34.08,16.23,6.54,0.93
Tamaulipas,2005,25,294740,290402,429,274245,267644,253314,248444,223045,185155,150775,295298,119530,91480,77434,60579,44260,30697,18581,8759,3287,1450,3024238,38.18,32.82,18.09,7.04,1.07
Tamaulipas,2010,27,302937,294469,408,291682,275453,258116,255313,250586,213736,177182,305122,147748,109317,89766,66138,53619,35422,22387,12078,3852,1427,3268554,36.54,31.8,19.82,7.49,1.23
Tamaulipas,2020,30,271340,305853,353,294950,284064,267261,256845,257220,248637,236202,294344,211394,167744,139900,100333,73616,50993,33702,17930,7113,2287,3527735,33.07,30.2,24.49,10.34,1.74
Tlaxcala,1995,20,106844,110597,138,103743,90107,71169,61544,54029,38503,31649,109410,25113,20211,18174,14448,10838,7367,4334,3127,1238,643,883924,48.71,31.32,13.06,5.75,1.07
Tlaxcala,2000,21,108862,110488,200,106450,95999,79360,69785,61295,48701,36434,115925,29923,22869,20010,16582,12377,9585,5308,3366,1392,828,962646,45.89,31.83,14.33,6.08,1.15
Tlaxcala,2005,23,114954,118450,188,108254,99680,88678,81874,72699,59577,48794,114239,37925,28757,24137,18889,14576,11317,7232,4171,1502,794,1068207,42.68,32.1,16.39,6.45,1.3
Tlaxcala,2010,25,116073,118634,187,119172,104781,93720,90612,84560,71030,58822,123330,49362,36171,28530,21997,17497,13009,8741,5477,1997,794,1169936,40.79,31.94,18.41,6.93,1.47
Tlaxcala,2020,28,110460,119718,197,121207,113937,104758,96512,94896,89448,80395,117738,70782,56315,46505,33958,24495,17367,11591,7325,3217,1231,1342977,34.93,30.54,22.11,9.11,1.75
Veracruz,1995,21,776467,807421,1732,735362,647799,543854,474740,432316,336144,284928,808231,227050,183424,154740,112997,82096,51656,32694,19582,8609,4665,6737324,46.42,31.15,15.31,5.96,1.0
Veracruz,2000,23,728473,797328,2261,709056,593263,536397,498825,459768,380702,312790,812674,259882,205722,178582,132984,97101,66604,36758,22336,9608,5467,6908975,44.11,30.23,16.78,6.88,1.11
Veracruz,2005,25,676902,791110,2115,710167,582248,517828,516830,496595,432692,369611,720700,310556,247750,211512,159801,121464,85434,50171,27716,10668,5679,7110214,40.77,29.72,19.14,8.13,1.36
Veracruz,2010,27,662288,741526,2186,759388,642093,557762,539685,542754,486810,424845,728767,365591,298171,239698,183836,155346,100119,62627,35565,13213,5967,7643194,37.84,29.86,20.61,8.88,1.56
Veracruz,2020,31,600253,685468,2157,681548,600394,580421,568121,558791,537667,516152,675182,488510,408710,347850,279233,203156,145737,95232,54398,21825,8304,8062579,32.77,28.62,24.2,12.11,2.26
Yucatán,1995,22,178063,180223,147,170674,157458,120066,105949,95371,79077,68487,182490,51694,41577,35797,27734,23662,16966,9959,5616,2127,794,1556622,45.7,30.76,15.47,6.69,1.2
Yucatán,2000,23,173213,183581,230,175320,160339,136614,114882,104381,87383,74855,185605,63846,47242,40706,31712,24429,19372,12282,6478,2419,1007,1658210,43.28,31.13,16.48,7.01,1.35
Yucatán,2005,25,169575,188049,182,183960,171550,147473,139475,118211,103126,86897,176491,76900,61894,48236,38247,28422,21195,14293,8573,2818,1110,1818948,39.48,31.71,18.08,7.48,1.48
Yucatán,2010,26,170727,182604,202,192027,183322,160355,151440,145205,116699,101202,181587,87918,73419,61572,44092,35779,24558,15627,9540,3815,1289,1955577,37.17,32.74,19.39,8.49,1.56
Yucatán,2020,30,175986,189137,205,196363,199525,190975,183035,174099,161231,146033,186122,122358,103183,86773,72318,53224,35612,22476,12224,4647,1556,2320898,32.21,32.21,22.96,10.68,1.77
Zacatecas,1995,20,160610,173536,192,159590,126861,98409,84527,73092,55923,48555,171797,41667,34251,32177,24586,19451,11604,8671,5504,2355,933,1336496,49.8,28.65,13.5,6.57,1.32
Zacatecas,2000,21,156356,171383,260,145464,119820,101757,91476,79770,64510,50907,164225,44565,37283,33857,27493,22021,15781,8519,5780,2522,1331,1353610,47.09,29.02,14.57,7.33,1.36
Zacatecas,2005,23,143830,156277,267,145349,112509,99137,97454,89531,76065,62751,148813,50399,40637,37993,30335,24798,18430,12212,6230,2572,1188,1367692,43.45,29.15,16.81,8.16,1.64
Zacatecas,2010,25,152037,152154,253,150499,131079,107817,105427,101327,88979,74010,151780,62448,47741,41090,34106,29225,21022,13941,8507,2832,1176,1490668,40.68,29.9,18.33,8.42,1.79
Zacatecas,2020,28,151745,151355,239,141208,130238,117673,114442,104728,102682,95118,155704,86207,69401,58039,44719,35100,26357,18058,10975,4569,1723,1622138,36.99,28.79,21.79,10.12,2.19
